Transaction_Date,Scrip_ID,Exchange_ID,Bal_Qty,Purchase_Rate,Transaction_Type,Transaction_Value
05 Dec 2017,HOK,NSE,1,114.69,Buy,114.69
13 Dec 2017,HOK,NSE,35,114.56,Sell,4009.69
13 Dec 2017,HOK,NSE,35,114.42,Buy,4004.58
13 Dec 2017,HOK,NSE,20,115.07,Buy,2301.4
14 Dec 2017,HOK,NSE,5,112.78,Buy,563.91
22 Dec 2017,HOK,NSE,10,118.01,Sell,1180.12
22 Dec 2017,HOK,NSE,10,118,Buy,1179.99
26 Dec 2017,HOK,NSE,10,119.51,Sell,1195.11
26 Dec 2017,HOK,NSE,10,119.2,Buy,1191.99
27 Dec 2017,HOK,NSE,10,119.19,Sell,1191.87
28 Dec 2017,HOK,NSE,10,118.72,Buy,1187.23
29 Dec 2017,HOK,NSE,5,118.67,Sell,593.33
02 Jan 2018,HOK,NSE,15,120.15,Sell,1802.32
03 Jan 2018,HOK,NSE,5,124.42,Sell,622.11
09 Jan 2018,HOK,NSE,1,129.29,Sell,129.29
04 Dec 2017,IAN,NSE,5,1123.64,Sell,5618.18
04 Dec 2017,IAN,NSE,5,1121.41,Buy,5607.03
05 Dec 2017,IAN,NSE,5,1119.64,Sell,5598.19
05 Dec 2017,IAN,NSE,5,1113.9,Buy,5569.48
05 Dec 2017,IAN,NSE,5,1120.26,Buy,5601.32
06 Dec 2017,IAN,NSE,5,1106.62,Sell,5533.11
06 Dec 2017,IAN,NSE,5,1101.4,Buy,5507
07 Dec 2017,IAN,NSE,5,1127.56,Sell,5637.8
18 Dec 2017,IAN,NSE,10,1124.79,Sell,11247.88
18 Dec 2017,IAN,NSE,10,1111.39,Buy,11113.93
05 Feb 2018,IAN,NSE,1,1127.82,Buy,1127.82
07 Feb 2018,IAN,NSE,1,1120.62,Sell,1120.62
07 Feb 2018,IAN,NSE,1,1117.75,Buy,1117.75
07 Feb 2018,IAN,NSE,2,1124.12,Buy,2248.25
21 Apr 2016,LRA,NSE,2,104.92,Buy,209.84
28 Apr 2016,LRA,NSE,5,104.46,Buy,522.32
24 May 2016,LRA,NSE,7,107.3,Buy,751.11
26 Apr 2017,LRA,NSE,13,167.59,Sell,2178.71
14 Jul 2017,LRA,NSE,1,159.94,Sell,159.94
14 Jul 2017,LRA,NSE,1,155.21,Buy,155.21
20 Jul 2017,LRA,NSE,1,157.94,Sell,157.94
20 Jul 2017,LRA,NSE,1,157.21,Buy,157.21
21 Jul 2017,LRA,NSE,1,157.88,Sell,157.88
10 Jan 2018,ELAB,NSE,3,103.32,Buy,309.96
12 Jan 2018,ELAB,NSE,10,102.71,Buy,1027.13
16 Jan 2018,ELAB,NSE,5,99.02,Sell,495.08
16 Jan 2018,ELAB,NSE,5,99.46,Buy,497.31
16 Jan 2018,ELAB,NSE,10,100.03,Buy,1000.27
18 Jan 2018,ELAB,NSE,25,97.48,Buy,2436.91
24 Jan 2018,ELAB,NSE,15,103.86,Sell,1557.97
24 Jan 2018,ELAB,NSE,15,103.73,Buy,1555.97
02 Feb 2018,ELAB,NSE,2,95.46,Buy,190.93
05 Feb 2018,ELAB,NSE,5,91.97,Sell,459.86
05 Feb 2018,ELAB,NSE,5,90.46,Buy,452.31
08 Feb 2018,ELAB,NSE,25,96.51,Sell,2412.72
08 Feb 2018,ELAB,NSE,25,95.12,Buy,2377.99
19 Feb 2018,ELAB,NSE,10,93.15,Buy,931.47
04 May 2016,RED,NSE,1,2962.05,Buy,2962.05
06 May 2016,RED,NSE,1,2876.69,Buy,2876.69
18 Jul 2017,RED,NSE,2,2711.95,Sell,5423.9
11 Dec 2017,DER,NSE,70,108.39,Sell,7587.57
11 Dec 2017,DER,NSE,70,108.39,Buy,7586.98
11 Dec 2017,DER,NSE,5,109.01,Buy,545.03
12 Dec 2017,DER,NSE,30,107.83,Buy,3234.94
13 Dec 2017,DER,NSE,5,106.97,Sell,534.83
13 Dec 2017,DER,NSE,5,105.8,Buy,529
13 Dec 2017,DER,NSE,10,106.4,Buy,1064.05
18 Dec 2017,DER,NSE,25,108.17,Sell,2704.14
18 Dec 2017,DER,NSE,25,102.53,Buy,2563.22
19 Dec 2017,DER,NSE,15,109.26,Sell,1638.94
19 Dec 2017,DER,NSE,15,109.64,Buy,1644.59
20 Dec 2017,DER,NSE,5,108.29,Sell,541.44
22 Dec 2017,DER,NSE,5,108.66,Sell,543.32
22 Dec 2017,DER,NSE,5,107.74,Buy,538.68
29 Dec 2017,DER,NSE,10,109.96,Sell,1099.65
29 Dec 2017,DER,NSE,10,109.14,Buy,1091.37
04 Jan 2018,DER,NSE,25,108.34,Sell,2708.62
04 Jan 2018,DER,NSE,25,107.13,Buy,2678.37
05 Jan 2018,DER,NSE,25,110.23,Sell,2755.65
08 Jan 2018,DER,NSE,7,113.77,Sell,796.39
10 Jan 2018,DER,NSE,5,112.55,Sell,562.77
12 Jan 2018,DER,NSE,2,114.39,Sell,228.79
16 Jan 2018,DER,NSE,30,106.99,Buy,3209.77
17 Jan 2018,DER,NSE,10,105.17,Sell,1051.67
17 Jan 2018,DER,NSE,10,104.13,Buy,1041.3
18 Jan 2018,DER,NSE,10,102.96,Buy,1029.64
02 Feb 2018,DER,NSE,10,95.72,Sell,957.19
02 Feb 2018,DER,NSE,10,95.12,Buy,951.19
05 Feb 2018,DER,NSE,5,92.57,Sell,462.85
05 Feb 2018,DER,NSE,5,90.11,Buy,450.56
06 Feb 2018,DER,NSE,12,93.14,Sell,1117.65
06 Feb 2018,DER,NSE,3,89.22,Buy,267.66
06 Feb 2018,DER,NSE,12,88.71,Buy,1064.52
01 Jun 2016,KEX,NSE,5,102.53,Buy,512.66
16 Aug 2016,KEX,NSE,5,76.55,Buy,382.73
26 Aug 2016,KEX,NSE,5,75.71,Buy,378.55
19 Jul 2017,KEX,NSE,15,97.97,Sell,1469.51
19 Jul 2017,KEX,NSE,15,97.12,Buy,1456.84
24 Jul 2017,KEX,NSE,5,97.47,Sell,487.34
24 Jul 2017,KEX,NSE,5,94.04,Buy,470.2
26 Jul 2017,KEX,NSE,5,95.44,Sell,477.19
26 Jul 2017,KEX,NSE,5,94.92,Sell,474.58
26 Jul 2017,KEX,NSE,5,94.02,Buy,470.12
27 Jul 2017,KEX,NSE,5,92.06,Buy,460.31
31 Jul 2017,KEX,NSE,5,90.63,Buy,453.17
02 Aug 2017,KEX,NSE,5,90.63,Buy,453.17
04 Aug 2017,KEX,NSE,15,87.55,Sell,1313.29
07 Aug 2017,KEX,NSE,7,95.12,Sell,665.82
09 Aug 2017,KEX,NSE,17,92.2,Sell,1567.48
09 Aug 2017,KEX,NSE,17,89.74,Buy,1525.63
09 Aug 2017,KEX,NSE,10,90.26,Buy,902.57
10 Aug 2017,KEX,NSE,5,83.58,Buy,417.9
11 Aug 2017,KEX,NSE,5,84.45,Sell,422.24
11 Aug 2017,KEX,NSE,5,81.63,Buy,408.14
16 Aug 2017,KEX,NSE,10,84.08,Buy,840.85
01 Sep 2017,KEX,NSE,10,89.37,Sell,893.67
05 Sep 2017,KEX,NSE,10,92.35,Sell,923.48
07 Sep 2017,KEX,NSE,7,88.6,Sell,620.23
13 Dec 2017,KEX,NSE,23,114.85,Sell,2641.49
13 Dec 2017,KEX,NSE,1,114.22,Sell,114.22
13 Dec 2017,KEX,NSE,23,114.22,Buy,2627.1
10 Jan 2018,ILTS,NSE,5,64.95,Buy,324.76
12 Jan 2018,ILTS,NSE,20,63.44,Buy,1268.81
18 Jan 2018,ILTS,NSE,10,65.98,Sell,659.78
18 Jan 2018,ILTS,NSE,30,62.41,Buy,1872.27
18 Jan 2018,ILTS,NSE,10,62.05,Buy,620.54
02 Feb 2018,ILTS,NSE,10,55.38,Buy,553.84
05 Feb 2018,ILTS,NSE,5,50.28,Sell,251.42
05 Feb 2018,ILTS,NSE,5,49.06,Buy,245.32
12 Feb 2018,ILTS,NSE,25,54.48,Sell,1362.06
12 Feb 2018,ILTS,NSE,25,53.61,Buy,1340.18
24 May 2016,NDA,NSE,1,85.35,Buy,85.35
07 Apr 2017,NDA,NSE,1,192.65,Sell,192.65
13 Apr 2017,NDA,NSE,10,186.29,Buy,1862.86
26 Apr 2017,NDA,NSE,10,191.72,Sell,1917.15
11 Jul 2017,DCO,NSE,60,77.66,Sell,4659.73
11 Jul 2017,DCO,NSE,60,77.75,Buy,4665.1
13 Jul 2017,DCO,NSE,70,94.25,Sell,6597.82
13 Jul 2017,DCO,NSE,70,96.98,Buy,6788.52
14 Jul 2017,DCO,NSE,50,93.47,Sell,4673.47
14 Jul 2017,DCO,NSE,50,92.92,Buy,4645.85
14 Jul 2017,DCO,NSE,110,93.45,Buy,10279.28
17 Jul 2017,DCO,NSE,30,91.22,Sell,2736.56
17 Jul 2017,DCO,NSE,30,89.76,Buy,2692.93
18 Jul 2017,DCO,NSE,40,89.77,Sell,3590.83
18 Jul 2017,DCO,NSE,40,89.58,Buy,3583.12
18 Jul 2017,DCO,NSE,165,90.09,Buy,14864.83
19 Jul 2017,DCO,NSE,12,88.93,Buy,1067.16
20 Jul 2017,DCO,NSE,5,88.57,Sell,442.83
20 Jul 2017,DCO,NSE,10,88.08,Sell,880.81
20 Jul 2017,DCO,NSE,5,87.01,Buy,435.03
21 Jul 2017,DCO,NSE,47,89.45,Sell,4203.95
21 Jul 2017,DCO,NSE,47,88.95,Buy,4180.72
24 Jul 2017,DCO,NSE,20,88.97,Sell,1779.42
24 Jul 2017,DCO,NSE,20,88.29,Buy,1765.71
25 Jul 2017,DCO,NSE,30,88.67,Sell,2660.14
25 Jul 2017,DCO,NSE,30,88.01,Buy,2640.31
02 Aug 2017,DCO,NSE,10,82.97,Sell,829.67
02 Aug 2017,DCO,NSE,10,82.91,Buy,829.1
03 Aug 2017,DCO,NSE,100,81.52,Sell,8152.33
03 Aug 2017,DCO,NSE,100,81.65,Buy,8165.26
07 Aug 2017,DCO,NSE,50,83.91,Sell,4195.5
10 Aug 2017,DCO,NSE,35,79.98,Buy,2799.39
16 Aug 2017,DCO,NSE,70,79.65,Sell,5575.76
21 Aug 2017,DCO,NSE,20,80.93,Sell,1618.59
31 Aug 2017,DCO,NSE,10,82.39,Sell,823.94
01 Sep 2017,DCO,NSE,10,84.4,Sell,844.02
20 Sep 2017,DCO,NSE,10,89.35,Sell,893.48
21 Sep 2017,DCO,NSE,5,90.36,Sell,451.79
04 Dec 2017,DCO,NSE,10,78.45,Sell,784.49
06 Dec 2017,DCO,NSE,5,78.54,Buy,392.72
08 Dec 2017,DCO,NSE,50,80.07,Sell,4003.68
08 Dec 2017,DCO,NSE,50,80,Buy,4000.05
12 Dec 2017,DCO,NSE,20,79.56,Sell,1591.19
12 Dec 2017,DCO,NSE,5,79.12,Sell,395.62
12 Dec 2017,DCO,NSE,20,79.01,Buy,1580.13
14 Dec 2017,DCO,NSE,10,78.54,Buy,785.45
19 Dec 2017,DCO,NSE,10,79.44,Sell,794.4
20 Dec 2017,DCO,NSE,5,79.74,Sell,398.7
21 Dec 2017,DCO,NSE,20,80.97,Sell,1619.47
21 Dec 2017,DCO,NSE,20,80.85,Buy,1617.02
26 Dec 2017,DCO,NSE,20,81.32,Sell,1626.47
26 Dec 2017,DCO,NSE,20,81.4,Buy,1628.05
28 Dec 2017,DCO,NSE,40,82.5,Sell,3299.93
28 Dec 2017,DCO,NSE,40,82.43,Buy,3297.14
29 Dec 2017,DCO,NSE,40,83.47,Sell,3338.94
29 Dec 2017,DCO,NSE,40,83.03,Buy,3321.15
03 Jan 2018,DCO,NSE,25,84.62,Sell,2115.51
03 Jan 2018,DCO,NSE,25,83.61,Buy,2090.18
05 Jan 2018,DCO,NSE,10,84.12,Sell,841.23
05 Jan 2018,DCO,NSE,10,83.96,Buy,839.56
08 Jan 2018,DCO,NSE,10,84.41,Sell,844.05
10 Jan 2018,DCO,NSE,20,86.39,Sell,1727.78
11 Jan 2018,DCO,NSE,20,86.47,Sell,1729.43
11 Jan 2018,DCO,NSE,20,86.41,Buy,1728.18
23 Jan 2018,DCO,NSE,55,83.56,Sell,4595.74
23 Jan 2018,DCO,NSE,55,83.55,Buy,4595.28
15 Jan 2018,EATB,NSE,25,106.84,Buy,2671.05
25 Jan 2018,EATB,NSE,10,95.32,Sell,953.16
25 Jan 2018,EATB,NSE,10,95.12,Buy,951.22
02 Feb 2018,EATB,NSE,15,89.96,Buy,1349.34
11 Jan 2018,CKM,NSE,10,269.91,Sell,2699.12
11 Jan 2018,CKM,NSE,10,269.34,Buy,2693.38
12 Jan 2018,CKM,NSE,10,269.87,Buy,2698.74
15 Jan 2018,CKM,NSE,5,268.87,Buy,1344.34
17 Jan 2018,CKM,NSE,15,261.12,Sell,3916.73
17 Jan 2018,CKM,NSE,15,260.33,Buy,3904.89
02 Feb 2018,CKM,NSE,14,277.91,Sell,3890.74
02 Feb 2018,CKM,NSE,14,275.79,Buy,3861.05
05 Feb 2018,CKM,NSE,10,278.91,Sell,2789.09
05 Feb 2018,CKM,NSE,10,280.1,Buy,2801.01
15 Feb 2018,CKM,NSE,5,266.85,Buy,1334.23
23 Jan 2018,NDA,NSE,5,292.9,Sell,1464.51
23 Jan 2018,NDA,NSE,5,292.37,Buy,1461.84
23 May 2016,AST,NSE,20,6.19,Buy,123.79
24 May 2016,AST,NSE,100,5.86,Buy,586.47
26 May 2016,AST,NSE,150,5.6,Buy,840.45
31 May 2016,AST,NSE,50,5.57,Buy,278.31
01 Jun 2016,AST,NSE,50,5.47,Buy,273.51
02 May 2017,AST,NSE,350,13.87,Sell,4854.36
05 Jul 2017,AST,NSE,850,20.7,Sell,17594.32
05 Jul 2017,AST,NSE,850,20.69,Buy,17585.99
05 Jul 2017,AST,NSE,450,20.77,Buy,9347.72
06 Jul 2017,AST,NSE,100,21.24,Sell,2124.27
06 Jul 2017,AST,NSE,100,21.14,Buy,2113.6
07 Jul 2017,AST,NSE,150,21.28,Sell,3192.59
07 Jul 2017,AST,NSE,400,21.2,Sell,8480.4
07 Jul 2017,AST,NSE,150,21,Buy,3150.26
10 Jul 2017,AST,NSE,10,22.31,Sell,223.13
11 Jul 2017,AST,NSE,10,21.99,Sell,219.93
11 Jul 2017,AST,NSE,60,21.12,Buy,1267.07
11 Jul 2017,AST,NSE,10,21.03,Buy,210.32
12 Jul 2017,AST,NSE,20,20.72,Sell,414.37
12 Jul 2017,AST,NSE,20,20.61,Buy,412.21
13 Jul 2017,AST,NSE,80,21.43,Sell,1714.43
13 Jul 2017,AST,NSE,70,21.36,Buy,1495.54
13 Jul 2017,AST,NSE,80,21.28,Buy,1702.18
17 Jul 2017,AST,NSE,180,22.12,Sell,3981.94
19 Jul 2017,AST,NSE,9,22.73,Sell,204.55
07 Dec 2017,AST,NSE,1,16.86,Sell,16.86
11 Jan 2018,WEN,NSE,10,94.97,Sell,949.69
11 Jan 2018,WEN,NSE,10,94.12,Buy,941.18
15 Dec 2017,HLO,NSE,1,442.21,Buy,442.21
10 Jan 2018,HLO,NSE,1,468.68,Sell,468.68
31 Jan 2018,THE,NSE,10,369.07,Buy,3690.68
01 Feb 2018,THE,NSE,1,360.54,Buy,360.54
02 Feb 2018,THE,NSE,2,354.89,Sell,709.77
02 Feb 2018,THE,NSE,2,350.44,Buy,700.88
05 Feb 2018,THE,NSE,5,345.39,Sell,1726.94
05 Feb 2018,THE,NSE,5,340.43,Buy,1702.14
06 Feb 2018,THE,NSE,2,354.89,Sell,709.78
06 Feb 2018,THE,NSE,3,342.37,Buy,1027.12
06 Feb 2018,THE,NSE,2,340.42,Buy,680.85
12 Feb 2018,THE,NSE,8,367.88,Sell,2943.04
12 Feb 2018,THE,NSE,8,364.21,Buy,2913.65
14 Feb 2018,THE,NSE,5,357.48,Buy,1787.4
15 Feb 2018,THE,NSE,20,351.69,Buy,7033.71
16 Feb 2018,THE,NSE,5,332.31,Buy,1661.53
08 Aug 2017,GAF,NSE,250,15.94,Sell,3983.95
08 Aug 2017,GAF,NSE,50,15.86,Sell,793.25
08 Aug 2017,GAF,NSE,250,15.77,Buy,3942.78
09 Aug 2017,GAF,NSE,25,15.25,Sell,381.13
09 Aug 2017,GAF,NSE,25,15.06,Buy,376.51
10 Aug 2017,GAF,NSE,180,15.87,Sell,2856.44
10 Aug 2017,GAF,NSE,120,15.8,Sell,1895.78
10 Aug 2017,GAF,NSE,180,15.75,Buy,2834.23
22 Aug 2017,GAF,NSE,50,14.64,Buy,731.96
05 Sep 2017,GAF,NSE,50,16.97,Sell,848.43
05 Sep 2017,GAF,NSE,100,16.9,Sell,1689.71
05 Sep 2017,GAF,NSE,50,14,Buy,700.08
07 Sep 2017,GAF,NSE,20,17.06,Sell,341.18
20 Sep 2017,GAF,NSE,5,16.86,Sell,84.29
26 Oct 2017,GAF,NSE,5,17.86,Sell,89.31
27 Oct 2017,GAF,NSE,10,18.86,Sell,188.61
11 Dec 2017,GAF,NSE,1,16.06,Sell,16.06
18 Dec 2017,GAF,NSE,14,15.51,Sell,217.21
24 May 2016,CNT,NSE,5,71.3,Buy,356.48
24 Jun 2016,CNT,NSE,10,70.29,Buy,702.86
12 Apr 2017,CNT,NSE,5,89.38,Sell,446.88
07 Aug 2017,CNT,NSE,5,89.97,Sell,449.85
07 Aug 2017,CNT,NSE,5,90.01,Buy,450.07
12 Sep 2017,CNT,NSE,10,89.35,Sell,893.46
31 Jan 2018,PCA,NSE,5,171.19,Buy,855.96
02 Feb 2018,PCA,NSE,2,166.15,Buy,332.3
02 May 2016,MOB,NSE,10,115.47,Buy,1154.73
04 May 2016,MOB,NSE,5,114.47,Buy,572.33
06 May 2016,MOB,NSE,5,115.47,Buy,577.34
31 May 2016,MOB,NSE,10,110.49,Buy,1104.89
03 Jun 2016,MOB,NSE,5,105.61,Buy,528.06
13 Jun 2016,MOB,NSE,5,110.48,Buy,552.4
17 Jun 2016,MOB,NSE,15,105.81,Buy,1587.18
22 Jun 2016,MOB,NSE,20,99.81,Buy,1996.29
24 Jun 2016,MOB,NSE,5,91.37,Buy,456.87
20 Apr 2017,MOB,NSE,5,87.65,Buy,438.26
21 Apr 2017,MOB,NSE,5,85.64,Buy,428.19
06 Jul 2017,MOB,NSE,10,69.98,Sell,699.77
06 Jul 2017,MOB,NSE,10,68.99,Buy,689.87
12 Jul 2017,MOB,NSE,55,71.18,Sell,3915
12 Jul 2017,MOB,NSE,15,71.57,Sell,1073.59
12 Jul 2017,MOB,NSE,15,71.66,Buy,1074.84
13 Jul 2017,MOB,NSE,35,74.63,Sell,2612.14
13 Jul 2017,MOB,NSE,35,74.09,Buy,2593.26
18 Jul 2017,MOB,NSE,10,72.23,Sell,722.27
18 Jul 2017,MOB,NSE,10,72.09,Buy,720.9
19 Jul 2017,MOB,NSE,10,72.48,Sell,724.77
19 Jul 2017,MOB,NSE,10,72.02,Buy,720.15
20 Jul 2017,MOB,NSE,10,70.18,Sell,701.77
20 Jul 2017,MOB,NSE,10,70.09,Buy,700.88
25 Jul 2017,MOB,NSE,10,69.48,Buy,694.81
27 Jul 2017,MOB,NSE,5,69.96,Sell,349.81
27 Jul 2017,MOB,NSE,5,67.1,Buy,335.5
02 Aug 2017,MOB,NSE,5,63.45,Buy,317.23
08 Dec 2017,MOB,NSE,10,55.58,Sell,555.81
08 Dec 2017,MOB,NSE,10,55.32,Buy,553.2
11 Dec 2017,MOB,NSE,10,55.48,Sell,554.82
11 Dec 2017,MOB,NSE,10,55.17,Buy,551.69
12 Dec 2017,MOB,NSE,35,56.57,Sell,1979.83
12 Dec 2017,MOB,NSE,35,55.38,Buy,1938.21
14 Dec 2017,MOB,NSE,20,54.07,Buy,1081.49
20 Dec 2017,MOB,NSE,10,56.58,Sell,565.81
20 Dec 2017,MOB,NSE,20,56.27,Sell,1125.42
20 Dec 2017,MOB,NSE,10,56.85,Buy,568.54
21 Dec 2017,MOB,NSE,15,57.65,Sell,864.72
21 Dec 2017,MOB,NSE,15,57.96,Buy,869.34
22 Dec 2017,MOB,NSE,10,59.98,Sell,599.8
22 Dec 2017,MOB,NSE,10,59.58,Buy,595.75
01 Jan 2018,MOB,NSE,20,58.98,Sell,1179.51
01 Jan 2018,MOB,NSE,20,57.98,Buy,1159.56
02 Jan 2018,MOB,NSE,20,61.32,Sell,1226.37
04 Jan 2018,MOB,NSE,45,64.89,Sell,2920.05
04 Jan 2018,MOB,NSE,45,64.15,Buy,2886.62
09 Jan 2018,MOB,NSE,10,62.48,Sell,624.77
09 Jan 2018,MOB,NSE,10,60.93,Buy,609.3
11 Jan 2018,MOB,NSE,10,62.98,Sell,629.79
11 Jan 2018,MOB,NSE,10,63.38,Buy,633.79
12 Jan 2018,MOB,NSE,10,63.55,Sell,635.53
16 Jan 2018,MOB,NSE,15,64.01,Sell,960.18
16 Jan 2018,MOB,NSE,15,61.75,Buy,926.18
17 Jan 2018,MOB,NSE,5,61.47,Sell,307.34
17 Jan 2018,MOB,NSE,15,61.13,Sell,917
17 Jan 2018,MOB,NSE,5,61.5,Buy,307.52
06 Feb 2018,MOB,NSE,5,47.48,Sell,237.42
06 Feb 2018,MOB,NSE,5,45.11,Buy,225.57
06 Feb 2018,MOB,NSE,5,44.86,Buy,224.31
16 Feb 2018,MOB,NSE,9,51.98,Sell,467.85
16 May 2016,BTR,NSE,10,76.4,Buy,763.97
19 May 2016,BTR,NSE,10,74.31,Buy,743.05
11 Apr 2017,BTR,NSE,10,153.92,Sell,1539.18
11 Jul 2017,BTR,NSE,20,149.25,Sell,2985.03
11 Jul 2017,BTR,NSE,20,149.69,Buy,2993.75
18 Jul 2017,BTR,NSE,5,157.95,Sell,789.74
18 Jul 2017,BTR,NSE,5,156.2,Buy,780.98
19 Jul 2017,BTR,NSE,10,156.65,Sell,1566.49
28 Dec 2017,BTR,NSE,2,171.19,Buy,342.37
02 Jan 2018,BTR,NSE,5,168.17,Buy,840.84
04 Jan 2018,BTR,NSE,7,171.53,Sell,1200.71
04 Jan 2018,BTR,NSE,10,172.47,Sell,1724.74
04 Jan 2018,BTR,NSE,10,173.11,Buy,1731.14
07 Feb 2018,BTR,NSE,15,160.95,Buy,2414.25
08 Feb 2018,BTR,NSE,40,160.02,Sell,6400.92
08 Feb 2018,BTR,NSE,40,159.07,Buy,6362.99
09 Feb 2018,BTR,NSE,35,156.84,Sell,5489.48
09 Feb 2018,BTR,NSE,35,156.47,Buy,5476.35
14 Feb 2018,BTR,NSE,74,151.87,Buy,11238.55
15 Feb 2018,BTR,NSE,5,135.94,Buy,679.71
19 Feb 2018,BTR,NSE,40,116.51,Sell,4660.45
19 Feb 2018,BTR,NSE,40,115.31,Buy,4612.32
10 Jul 2017,LIA,BSE,1,1511.64,Buy,1511.64
14 Jul 2017,LIA,BSE,1,1513.97,Sell,1513.97
11 Dec 2017,LIA,NSE,1,926.41,Buy,926.41
16 Jan 2018,LIA,NSE,1,932.94,Sell,932.94
16 Jan 2018,LIA,NSE,1,928.18,Buy,928.18
05 Feb 2018,LIA,NSE,1,900.23,Buy,900.23
23 May 2016,INP,NSE,1,170.69,Buy,170.69
11 Dec 2017,INP,NSE,1,316.38,Sell,316.38
04 Jul 2017,INK,NSE,1,337.63,Buy,337.63
13 Jul 2017,INK,NSE,1,332.9,Sell,332.9
13 Jul 2017,INK,NSE,1,330.41,Buy,330.41
14 Jul 2017,INK,NSE,5,330.29,Buy,1651.45
17 Jul 2017,INK,NSE,5,322.24,Buy,1611.19
24 Jul 2017,INK,NSE,5,320.22,Buy,1601.09
02 Aug 2017,INK,NSE,2,308.15,Buy,616.3
21 Aug 2017,INK,NSE,10,274.41,Buy,2744.07
28 Sep 2017,INK,NSE,5,266.9,Buy,1334.5
04 Dec 2017,INK,NSE,60,296.56,Sell,17793.61
04 Dec 2017,INK,NSE,10,294.94,Sell,2949.36
04 Dec 2017,INK,NSE,60,295.44,Buy,17726.34
05 Dec 2017,INK,NSE,30,296.62,Buy,8898.64
08 Dec 2017,INK,NSE,20,295.92,Sell,5918.4
11 Dec 2017,INK,NSE,5,294.09,Sell,1470.43
12 Dec 2017,INK,NSE,7,293.75,Buy,2056.27
13 Dec 2017,INK,NSE,10,290.41,Sell,2904.06
13 Dec 2017,INK,NSE,10,289.49,Buy,2894.88
13 Dec 2017,INK,NSE,30,291.14,Buy,8734.26
14 Dec 2017,INK,NSE,19,286.72,Buy,5447.75
18 Dec 2017,INK,NSE,40,287.81,Sell,11512.27
18 Dec 2017,INK,NSE,40,287.89,Buy,11515.72
19 Dec 2017,INK,NSE,12,292.31,Sell,3507.7
19 Dec 2017,INK,NSE,12,291.52,Buy,3498.24
20 Dec 2017,INK,NSE,17,294.93,Sell,5013.77
21 Dec 2017,INK,NSE,110,300.27,Sell,33029.32
21 Dec 2017,INK,NSE,110,298.97,Buy,32886.19
22 Dec 2017,INK,NSE,5,301.9,Sell,1509.51
22 Dec 2017,INK,NSE,5,297.76,Buy,1488.78
26 Dec 2017,INK,NSE,50,303.99,Sell,15199.62
26 Dec 2017,INK,NSE,50,301.33,Buy,15066.35
02 Jan 2018,INK,NSE,10,289,Buy,2890.03
05 Jan 2018,INK,NSE,7,295.48,Sell,2068.33
05 Jan 2018,INK,NSE,7,295.97,Buy,2071.8
08 Jan 2018,INK,NSE,15,299.9,Sell,4498.46
08 Jan 2018,INK,NSE,15,299.38,Buy,4490.72
09 Jan 2018,INK,NSE,5,296.07,Buy,1480.33
15 Jan 2018,INK,NSE,5,289.01,Buy,1445.05
16 Jan 2018,INK,NSE,10,284.98,Buy,2849.77
17 Jan 2018,INK,NSE,10,284.91,Sell,2849.08
17 Jan 2018,INK,NSE,10,280.35,Buy,2803.51
18 Jan 2018,INK,NSE,13,284.51,Buy,3698.67
22 Jan 2018,INK,NSE,10,281.97,Buy,2819.73
23 Jan 2018,INK,NSE,5,281.66,Sell,1408.28
23 Jan 2018,INK,NSE,5,280.25,Buy,1401.27
24 Jan 2018,INK,NSE,5,279.59,Buy,1397.96
25 Jan 2018,INK,NSE,10,276.93,Buy,2769.26
30 Jan 2018,INK,NSE,5,276.95,Buy,1384.74
02 Feb 2018,INK,NSE,5,271.91,Sell,1359.56
02 Feb 2018,INK,NSE,5,270.34,Buy,1351.69
05 Feb 2018,INK,NSE,5,266.91,Sell,1334.57
05 Feb 2018,INK,NSE,2,262.97,Buy,525.94
05 Feb 2018,INK,NSE,5,261.47,Buy,1307.35
06 Feb 2018,INK,NSE,5,264.92,Sell,1324.59
06 Feb 2018,INK,NSE,6,257.15,Buy,1542.88
06 Feb 2018,INK,NSE,5,255.68,Buy,1278.42
08 Feb 2018,INK,NSE,22,275.43,Sell,6059.46
08 Feb 2018,INK,NSE,7,273.92,Sell,1917.46
08 Feb 2018,INK,NSE,22,273.35,Buy,6013.71
09 Feb 2018,INK,NSE,90,280.58,Sell,25252.34
09 Feb 2018,INK,NSE,70,279.05,Sell,19533.23
09 Feb 2018,INK,NSE,90,275.46,Buy,24791.79
12 Feb 2018,INK,NSE,10,290.55,Sell,2905.5
12 Feb 2018,INK,NSE,31,288.96,Sell,8957.69
12 Feb 2018,INK,NSE,10,291.02,Buy,2910.22
16 Feb 2018,INK,NSE,6,283.65,Sell,1701.91
16 Feb 2018,INK,NSE,6,283.36,Buy,1700.17
19 Feb 2018,INK,NSE,5,279.91,Sell,1399.53
19 Feb 2018,INK,NSE,5,279.35,Buy,1396.77
20 Feb 2018,INK,NSE,3,279.92,Sell,839.75
20 Feb 2018,INK,NSE,3,276.72,Buy,830.16
07 Jan 2016,CIL,NSE,17,61.08,Buy,1038.31
15 Jan 2016,CIL,NSE,20,51.2,Buy,1024.1
02 Feb 2016,CIL,NSE,7,48.91,Buy,342.37
10 Feb 2016,CIL,NSE,5,45.18,Buy,225.91
22 Feb 2016,CIL,NSE,100,43.15,Buy,4314.69
05 May 2016,CIL,NSE,10,43.17,Buy,431.74
20 May 2016,CIL,NSE,10,37.15,Buy,371.54
24 May 2016,CIL,NSE,5,35.15,Buy,175.74
18 Jul 2017,CIL,NSE,50,103.97,Sell,5198.32
18 Jul 2017,CIL,NSE,50,103.19,Buy,5159.48
21 Jul 2017,CIL,NSE,10,103.47,Sell,1034.73
24 Jul 2017,CIL,NSE,25,105.17,Sell,2629.14
24 Jul 2017,CIL,NSE,25,104.79,Buy,2619.8
25 Jul 2017,CIL,NSE,5,105.27,Sell,526.33
25 Jul 2017,CIL,NSE,5,104.03,Buy,520.16
31 Jul 2017,CIL,NSE,25,105.45,Sell,2636.32
10 Aug 2017,CIL,NSE,10,93.15,Buy,931.46
14 Aug 2017,CIL,NSE,5,100.26,Sell,501.32
14 Aug 2017,CIL,NSE,25,99.72,Sell,2492.9
14 Aug 2017,CIL,NSE,5,100.01,Buy,500.04
21 Aug 2017,CIL,NSE,10,103.27,Sell,1032.72
28 Aug 2017,CIL,NSE,65,107.52,Sell,6988.85
29 Aug 2017,CIL,NSE,10,119.95,Sell,1199.5
29 Aug 2017,CIL,NSE,10,116.16,Buy,1161.56
30 Aug 2017,CIL,NSE,10,119.19,Sell,1191.87
01 Sep 2017,CIL,NSE,10,124.12,Sell,1241.2
11 Sep 2017,CIL,NSE,10,130.06,Sell,1300.61
13 Sep 2017,CIL,NSE,5,138.97,Sell,694.85
15 Sep 2017,CIL,NSE,5,148.95,Sell,744.76
18 Sep 2017,CIL,NSE,5,153.92,Sell,769.58
18 Dec 2017,CIL,NSE,6,159.95,Sell,959.69
18 Dec 2017,CIL,NSE,6,159.87,Buy,959.2
19 Dec 2017,CIL,NSE,2,162.5,Sell,324.99
19 Dec 2017,CIL,NSE,2,161.75,Buy,323.51
26 Dec 2017,CIL,NSE,4,162.95,Sell,651.8
26 Dec 2017,CIL,NSE,4,161.2,Buy,644.8
02 Jan 2018,CIL,NSE,2,159.95,Sell,319.9
02 Jan 2018,CIL,NSE,2,156.2,Buy,312.39
08 Jan 2018,CIL,NSE,2,160.87,Sell,321.74
09 Jan 2018,CIL,NSE,2,164.94,Sell,329.88
09 Jan 2018,CIL,NSE,2,161.21,Buy,322.42
10 Jan 2018,CIL,NSE,2,168.81,Sell,337.62
04 May 2016,RNT,NSE,2,228.94,Buy,457.87
05 May 2016,RNT,NSE,2,227.92,Buy,455.84
06 May 2016,RNT,NSE,4,225.92,Buy,903.67
11 May 2016,RNT,NSE,7,224.29,Buy,1570.03
19 May 2016,RNT,NSE,5,200.82,Buy,1004.11
20 May 2016,RNT,NSE,12,195.64,Buy,2347.72
23 May 2016,RNT,NSE,12,189.93,Buy,2279.16
24 May 2016,RNT,NSE,2,183.76,Buy,367.52
25 May 2016,RNT,NSE,5,180.9,Buy,904.51
27 May 2016,RNT,NSE,5,184.83,Buy,924.17
30 May 2016,RNT,NSE,5,183.92,Buy,919.58
07 Jun 2016,RNT,NSE,5,176.89,Buy,884.44
13 Jun 2016,RNT,NSE,10,175.76,Buy,1757.62
03 Aug 2016,RNT,NSE,10,160.99,Buy,1609.86
14 Jul 2017,RNT,NSE,5,183.27,Buy,916.35
18 Jul 2017,RNT,NSE,5,180.94,Sell,904.7
18 Jul 2017,RNT,NSE,5,180.23,Buy,901.13
04 Aug 2017,RNT,NSE,25,187.19,Sell,4679.87
04 Aug 2017,RNT,NSE,30,188.23,Sell,5646.76
04 Aug 2017,RNT,NSE,30,187.76,Buy,5632.92
07 Aug 2017,RNT,NSE,20,201.16,Sell,4023.2
07 Aug 2017,RNT,NSE,20,202.07,Buy,4041.36
08 Aug 2017,RNT,NSE,45,196.7,Sell,8851.66
08 Aug 2017,RNT,NSE,45,195.63,Sell,8803.17
08 Aug 2017,RNT,NSE,45,197.55,Buy,8889.66
09 Aug 2017,RNT,NSE,20,199.43,Sell,3988.66
09 Aug 2017,RNT,NSE,20,197.56,Buy,3951.25
10 Aug 2017,RNT,NSE,10,191.94,Sell,1919.36
10 Aug 2017,RNT,NSE,10,190.24,Buy,1902.39
14 Aug 2017,RNT,NSE,20,199.6,Sell,3991.94
11 Dec 2017,RNT,NSE,1,273.07,Sell,273.07
26 Feb 2016,SEL,NSE,4,79.99,Buy,319.95
31 Mar 2016,SEL,NSE,10,102.96,Buy,1029.57
04 Apr 2016,SEL,NSE,10,116.47,Buy,1164.7
05 Apr 2016,SEL,NSE,5,113.32,Buy,566.59
25 Apr 2016,SEL,NSE,25,109.26,Buy,2731.43
26 Apr 2016,SEL,NSE,10,108.46,Buy,1084.63
28 Apr 2016,SEL,NSE,10,106.47,Buy,1064.73
05 May 2016,SEL,NSE,5,99.67,Buy,498.34
11 May 2016,SEL,NSE,20,94.38,Buy,1887.61
23 May 2016,SEL,NSE,20,94.88,Buy,1897.64
27 May 2016,SEL,NSE,7,95.14,Buy,666
31 May 2016,SEL,NSE,5,93.41,Buy,467.07
24 Jun 2016,SEL,NSE,15,94.72,Buy,1420.79
17 Aug 2016,SEL,NSE,5,89.69,Buy,448.45
07 Apr 2017,SEL,NSE,10,175.77,Sell,1757.71
12 Apr 2017,SEL,NSE,10,188.69,Sell,1886.86
13 Jul 2017,SEL,NSE,20,199.43,Sell,3988.69
13 Jul 2017,SEL,NSE,20,199.35,Buy,3987.01
20 Jul 2017,SEL,NSE,50,197.44,Sell,9871.76
20 Jul 2017,SEL,NSE,50,196.85,Buy,9842.37
24 Jul 2017,SEL,NSE,31,208.17,Sell,6453.4
24 Jul 2017,SEL,NSE,31,205.77,Buy,6379.01
25 Jul 2017,SEL,NSE,2,205.21,Sell,410.42
25 Jul 2017,SEL,NSE,3,206.34,Sell,619.02
25 Jul 2017,SEL,NSE,3,204.51,Buy,613.54
15 Sep 2017,SEL,NSE,30,208.53,Sell,6256.01
18 Sep 2017,SEL,NSE,30,245.82,Sell,7374.69
21 Sep 2017,SEL,NSE,10,288.95,Sell,2889.54
22 Sep 2017,SEL,NSE,5,301.83,Sell,1509.15
29 Sep 2017,SEL,NSE,5,298.85,Sell,1494.26
05 Oct 2017,SEL,NSE,10,306.33,Sell,3063.3
12 Oct 2017,SEL,NSE,5,417.03,Sell,2085.13
26 Oct 2017,SEL,NSE,5,410.95,Sell,2054.77
26 Oct 2017,SEL,NSE,5,390.51,Buy,1952.53
27 Oct 2017,SEL,NSE,10,412.87,Buy,4128.74
03 Nov 2017,SEL,NSE,5,443.14,Sell,2215.71
27 Nov 2017,SEL,NSE,13,417.16,Sell,5423.09
29 Nov 2017,SEL,NSE,4,412.92,Buy,1651.69
30 Nov 2017,SEL,NSE,6,412.89,Buy,2477.37
05 Dec 2017,SEL,NSE,10,395.22,Sell,3952.22
05 Dec 2017,SEL,NSE,10,394.74,Buy,3947.35
06 Dec 2017,SEL,NSE,20,385.17,Buy,7703.39
07 Dec 2017,SEL,NSE,20,394.16,Sell,7883.11
08 Dec 2017,SEL,NSE,5,414.74,Sell,2073.71
11 Dec 2017,SEL,NSE,10,411.11,Sell,4111.07
11 Dec 2017,SEL,NSE,5,410.85,Buy,2054.26
13 Dec 2017,SEL,NSE,20,396.72,Sell,7934.31
13 Dec 2017,SEL,NSE,30,400.04,Buy,12001.08
14 Dec 2017,SEL,NSE,2,392.86,Buy,785.72
18 Dec 2017,SEL,NSE,4,396.44,Sell,1585.76
18 Dec 2017,SEL,NSE,4,390.23,Buy,1560.9
19 Dec 2017,SEL,NSE,5,404.14,Sell,2020.71
19 Dec 2017,SEL,NSE,5,397.78,Buy,1988.92
21 Dec 2017,SEL,NSE,2,387.19,Sell,774.38
28 Dec 2017,SEL,NSE,24,402.96,Sell,9671.1
29 Dec 2017,SEL,NSE,2,402.04,Sell,804.08
02 Jan 2018,SEL,NSE,5,392.24,Sell,1961.21
02 Jan 2018,SEL,NSE,14,391.64,Buy,5483
03 Jan 2018,SEL,NSE,4,397.15,Sell,1588.6
08 Jan 2018,SEL,NSE,15,407.8,Sell,6116.96
10 Jul 2017,JAY,BSE,10,75.65,Buy,756.47
28 Jul 2017,JAY,BSE,5,70.78,Buy,353.91
28 Sep 2017,JAY,BSE,5,55.68,Buy,278.4
08 Dec 2017,JAY,BSE,15,70,Sell,1050
13 Dec 2017,JAY,NSE,5,70.48,Sell,352.39
13 Dec 2017,JAY,NSE,5,69.99,Buy,349.94
15 Dec 2017,JAY,NSE,5,69.49,Sell,347.44
11 Jan 2018,LSP,NSE,50,79,Buy,3949.87
16 Jan 2018,LSP,NSE,10,75.52,Buy,755.24
18 Jan 2018,LSP,NSE,25,73.83,Buy,1845.81
24 Jan 2018,LSP,NSE,15,71.95,Buy,1079.24
30 Jan 2018,LSP,NSE,10,70.5,Buy,704.96
01 Feb 2018,LSP,NSE,10,69,Buy,689.96
02 Feb 2018,LSP,NSE,5,65.46,Buy,327.28
08 Feb 2018,LSP,NSE,5,68.03,Sell,340.14
08 Feb 2018,LSP,NSE,5,68.14,Buy,340.68
19 Feb 2018,LSP,NSE,5,64.45,Buy,322.23
